{
  "metadata": {
    "schemaVersion": "1.0",
    "importType": "LEX",
    "importFormat": "JSON"
  },
  "resource": {
    "name": "riskLevel",
    "version": "2",
    "enumerationValues": [
      {
        "value": "High",
        "synonyms": [
          "Maximum",
          "max"
        ]
      },
      {
        "value": "Very Low",
        "synonyms": [
          "Very Low"
        ]
      },
      {
        "value": "Low",
        "synonyms": [
          "Minimal",
          "minimum",
          "min"
        ]
      },
      {
        "value": "Very High",
        "synonyms": [
          "Very High"
        ]
      },
      {
        "value": "Medium",
        "synonyms": [
          "Medium"
        ]
      },
      {
        "value": "None",
        "synonyms": [
          "None"
        ]
      }
    ],
    "valueSelectionStrategy": "TOP_RESOLUTION"
  }
}